<?xml version="1.0" encoding="UTF-8"?>

<!--
see values for masks and keys here:
http://java.sun.com/j2se/1.4.2/docs/api/constant-values.html
-->

<commands>
	<showMessage key="System">POWERFLASHER SOS %VERSION%</showMessage>
	<addCommand menu="Status" item="Socket">
		<commands>
			<showMessage key="System">=============SocketStatus=============</showMessage>		
			<showSocketStatus/>
			<showMessage key="System">======================================</showMessage>		
		</commands>
	</addCommand>
	<addCommand menu="Status" item="Clients">
		<commands>
			<showMessage key="System">=============ClientStatus=============</showMessage>
			<showMessage key="System">Running Plugins:</showMessage>		
			<showAppClients/>
			<showMessage key="System"/>	
			<showMessage key="System">Running Log Clients:</showMessage>
			<showLogClients key="System"/>
			<showMessage key="System">======================================</showMessage>		
		</commands>
	</addCommand>
	<addCommand menu="Load Plugin" item="FCAdmin">
		<loadPlugin file="FCAdmin.swf"/>
	</addCommand>
	<addCommand menu="Load Plugin" item="Sample1">
		<loadPlugin file="Sample1.swf"/>
	</addCommand>
	<loadPlugin file="FCAdmin.swf"/>
</commands>