<?xml version="1.0" encoding="UTF-8"?>

<keys>
  <key rgb="-3939841" visible="1"><![CDATA[CONFIG]]></key>
  <key rgb="-1835805" visible="1"><![CDATA[FINEST]]></key>
  <key rgb="-3803963" visible="1"><![CDATA[FINER]]></key>
  <key rgb="-1" visible="1"><![CDATA[SYSTEM]]></key>
  <key rgb="-34953" visible="1"><![CDATA[SEVERE]]></key>
  <key rgb="-3803963" visible="1"><![CDATA[TEMP]]></key>
  <key rgb="-3803963" visible="1"><![CDATA[TRACE]]></key>
  <key rgb="-5581569" visible="1"><![CDATA[FINE]]></key>
  <key rgb="-1" visible="1"><![CDATA[FLASH TRACE]]></key>
  <key rgb="-17544" visible="1"><![CDATA[WARNING]]></key>
  <key rgb="-60653" visible="1"><![CDATA[ERROR]]></key>
  <key rgb="-2555133" visible="1"><![CDATA[FATAL]]></key>
  <key rgb="-107" visible="1"><![CDATA[INFO]]></key>
  <key rgb="-26317" visible="1"><![CDATA[WARN]]></key>
  <key rgb="-5581569" visible="1"><![CDATA[DEBUG]]></key>
</keys>
